Job Title,Company,Location,Date Posted
Data Analyst,Tech Solutions Inc,"New York, NY",2023-10-15
Senior Data Analyst,Finance Corp,"Boston, MA",2023-10-14
Data Scientist,Tech Solutions Inc,"San Francisco, CA",2023-10-13
Business Analyst,Retail Giant,"Chicago, IL",2023-10-12
Data Engineer,Tech Solutions Inc,"Seattle, WA",2023-10-11
Product Analyst,StartupXYZ,"Austin, TX",2023-10-10
Marketing Analyst,Marketing Pro,"New York, NY",2023-10-09
Financial Analyst,Finance Corp,"Boston, MA",2023-10-08
Research Analyst,Research Institute,"Washington, DC",2023-10-07
Data Analyst,HealthPlus,"Boston, MA",2023-10-06
Machine Learning Engineer,AI Innovations,"San Francisco, CA",2023-10-05
AI Specialist,Future Tech,"New York, NY",2023-10-04
Data Analyst,Tech Solutions Inc,"New York, NY",2023-10-03
Senior Data Scientist,Data Insights,"San Francisco, CA",2023-10-02
Business Intelligence Analyst,Enterprise Solutions,"Chicago, IL",2023-10-01
Data Engineer,Cloud Systems,"Seattle, WA",2023-09-30
Product Manager,Tech Innovations,"Austin, TX",2023-09-29
Marketing Data Analyst,Digital Marketing Pro,"New York, NY",2023-09-28
Quantitative Analyst,Investment Partners,"Boston, MA",2023-09-27
Research Data Scientist,University Research Lab,"Washington, DC",2023-09-26